Metric,Classical MHA,Quantum Attention
Average Step Time (s),0.003962002000007487,0.5541461459999891
Total Training Time (s),0.2911095000000614,27.78486029999999
Final Loss,3.309408187866211,3.2770793437957764
Final Perplexity,27.3689234171228,26.498267242947808
Peak GPU Memory (MB),N/A,N/A
